INSERT INTO brand (brand_id, name)
VALUES (1, 'A'),
       (2, 'B'),
       (3, 'C'),
       (4, 'D'),
       (5, 'E'),
       (6, 'F'),
       (7, 'G'),
       (8, 'H'),
       (9, 'I');

INSERT INTO category (category_id, name)
VALUES (1, '상의'),
       (2, '아우터'),
       (3, '바지'),
       (4, '스니커즈'),
       (5, '가방'),
       (6, '모자'),
       (7, '양말'),
       (8, '액세서리');

INSERT INTO item (brand_id, item_id, price)
VALUES (1, 1, 11200),
       (1, 2, 5500),
       (1, 3, 4200),
       (1, 4, 9000),
       (1, 5, 2000),
       (1, 6, 1700),
       (1, 7, 1800),
       (1, 8, 2300),

       (2, 9, 10500),
       (2, 10, 5900),
       (2, 11, 3800),
       (2, 12, 9100),
       (2, 13, 2100),
       (2, 14, 2000),
       (2, 15, 2000),
       (2, 16, 2200),

       (3, 17, 10000),
       (3, 18, 6200),
       (3, 19, 3300),
       (3, 20, 9200),
       (3, 21, 2200),
       (3, 22, 1900),
       (3, 23, 2200),
       (3, 24, 2100),

       (4, 25, 10100),
       (4, 26, 5100),
       (4, 27, 3000),
       (4, 28, 9500),
       (4, 29, 2500),
       (4, 30, 1500),
       (4, 31, 2400),
       (4, 32, 2000),

       (5, 33, 10700),
       (5, 34, 5000),
       (5, 35, 3800),
       (5, 36, 9900),
       (5, 37, 2300),
       (5, 38, 1800),
       (5, 39, 2100),
       (5, 40, 2100),

       (6, 41, 11200),
       (6, 42, 7200),
       (6, 43, 4000),
       (6, 44, 9300),
       (6, 45, 2100),
       (6, 46, 1600),
       (6, 47, 2300),
       (6, 48, 1900),

       (7, 49, 10500),
       (7, 50, 5800),
       (7, 51, 3900),
       (7, 52, 9000),
       (7, 53, 2200),
       (7, 54, 1700),
       (7, 55, 2100),
       (7, 56, 2000),

       (8, 57, 10800),
       (8, 58, 6300),
       (8, 59, 3100),
       (8, 60, 9700),
       (8, 61, 2100),
       (8, 62, 1600),
       (8, 63, 2000),
       (8, 64, 2000),

       (9, 65, 11400),
       (9, 66, 6700),
       (9, 67, 3200),
       (9, 68, 9500),
       (9, 69, 2400),
       (9, 70, 1700),
       (9, 71, 1700),
       (9, 72, 2400);


INSERT INTO item_category (item_category_id, item_id, category_id)
VALUES (1, 1, 1),
       (2, 2, 2),
       (3, 3, 3),
       (4, 4, 4),
       (5, 5, 5),
       (6, 6, 6),
       (7, 7, 7),
       (8, 8, 8),

       (9, 9, 1),
       (10, 10, 2),
       (11, 11, 3),
       (12, 12, 4),
       (13, 13, 5),
       (14, 14, 6),
       (15, 15, 7),
       (16, 16, 8),

       (17, 17, 1),
       (18, 18, 2),
       (19, 19, 3),
       (20, 20, 4),
       (21, 21, 5),
       (22, 22, 6),
       (23, 23, 7),
       (24, 24, 8),

       (25, 25, 1),
       (26, 26, 2),
       (27, 27, 3),
       (28, 28, 4),
       (29, 29, 5),
       (30, 30, 6),
       (31, 31, 7),
       (32, 32, 8),

       (33, 33, 1),
       (34, 34, 2),
       (35, 35, 3),
       (36, 36, 4),
       (37, 37, 5),
       (38, 38, 6),
       (39, 39, 7),
       (40, 40, 8),

       (41, 41, 1),
       (42, 42, 2),
       (43, 43, 3),
       (44, 44, 4),
       (45, 45, 5),
       (46, 46, 6),
       (47, 47, 7),
       (48, 48, 8),

       (49, 49, 1),
       (50, 50, 2),
       (51, 51, 3),
       (52, 52, 4),
       (53, 53, 5),
       (54, 54, 6),
       (55, 55, 7),
       (56, 56, 8),

       (57, 57, 1),
       (58, 58, 2),
       (59, 59, 3),
       (60, 60, 4),
       (61, 61, 5),
       (62, 62, 6),
       (63, 63, 7),
       (64, 64, 8),

       (65, 65, 1),
       (66, 66, 2),
       (67, 67, 3),
       (68, 68, 4),
       (69, 69, 5),
       (70, 70, 6),
       (71, 71, 7),
       (72, 72, 8);
